list_name,scheme_code,scheme_name
Ran,134923,Nippon India US Equity Opportunities Fund- Direct Plan- Growth Plan- Growth Option
Ran,118834,Mirae Asset Large & Midcap Fund - Direct Plan - Growth
Ran,118825,Mirae Asset Large Cap Fund - Direct Plan - Growth
Ran,120152,Kotak Large Cap  Fund - Growth - Direct
Ran,119716,SBI MIDCAP FUND - DIRECT PLAN - GROWTH
Ran,120505,Axis Midcap Fund - Direct Plan - Growth
Ran,150817,Canara Robeco Mid Cap Fund- Direct Plan- Growth Option
Ran,120164,Kotak-Small Cap Fund - Growth - Direct
Ran,120828,quant Small Cap Fund - Growth Option - Direct Plan
Ran,125497,SBI Small Cap Fund - Direct Plan - Growth
Ran,125354,Axis Small Cap Fund - Direct Plan - Growth
Ran,146130,CANARA ROBECO SMALL CAP FUND - DIRECT PLAN - GROWTH OPTION
Man,118989,HDFC Mid Cap Fund - Growth Option - Direct Plan
Man,120403,Invesco India Mid Cap Fund - Direct Plan - Growth Option
Man,118632,Nippon India Large Cap Fund - Direct Plan Growth Plan - Growth Option
Man,147946,BANDHAN SMALL CAP FUND - DIRECT PLAN GROWTH
Man,145678,BANK OF INDIA Small Cap Fund Direct Plan Growth
Sai,122639,Parag Parikh Flexi Cap Fund - Direct Plan - Growth
Sai,149219,ICICI Prudential NASDAQ 100 Index Fund - Direct Plan - Growth
Sai,120158,Kotak Large & Mid Cap Fund - Direct- Growth
Sai,118989,HDFC Mid Cap Fund - Growth Option - Direct Plan
Sai,120381,ICICI Prudential Mid Cap Fund - Direct Plan -  Growth
Sai,118778,Nippon India Small Cap Fund - Direct Plan Growth Plan - Growth Option
Sai,130503,HDFC Small Cap Fund - Growth Option - Direct Plan
Sai,151113,HSBC Value Fund - Direct Growth
Best of One,147946,BANDHAN SMALL CAP FUND - DIRECT PLAN GROWTH
Best of One,120403,Invesco India Mid Cap Fund - Direct Plan - Growth Option
Best of One,118632,Nippon India Large Cap Fund - Direct Plan Growth Plan - Growth Option
Best of One,148404,BANK OF INDIA Flexi Cap Fund Direct Plan -Growth
Best of One,147704,Motilal Oswal Large and Midcap Fund - Direct Plan Growth
Best of One,148381,Motilal Oswal S&P 500 Index Fund - Direct Plan Growth
Best of One,119132,HDFC Gold ETF Fund of Fund - Direct Plan
Best of One,150737,HDFC Silver ETF Fund of Fund - Growth Option - Direct Plan
Best of Two,147946,BANDHAN SMALL CAP FUND - DIRECT PLAN GROWTH
Best of Two,147919,ITI Small Cap Fund - Direct Plan - Growth Option
Best of Two,120403,Invesco India Mid Cap Fund - Direct Plan - Growth Option
Best of Two,151036,HSBC Midcap Fund - Direct Growth
Best of Two,118632,Nippon India Large Cap Fund - Direct Plan Growth Plan - Growth Option
Best of Two,148404,BANK OF INDIA Flexi Cap Fund Direct Plan -Growth
Best of Two,147704,Motilal Oswal Large and Midcap Fund - Direct Plan Growth
Best of Two,148381,Motilal Oswal S&P 500 Index Fund - Direct Plan Growth
Best of Two,119132,HDFC Gold ETF Fund of Fund - Direct Plan
Best of Two,150737,HDFC Silver ETF Fund of Fund - Growth Option - Direct Plan
Best of Mid & Small,147946,BANDHAN SMALL CAP FUND - DIRECT PLAN GROWTH
Best of Mid & Small,147919,ITI Small Cap Fund - Direct Plan - Growth Option
Best of Mid & Small,120403,Invesco India Mid Cap Fund - Direct Plan - Growth Option
Best of Mid & Small,120381,ICICI Prudential Mid Cap Fund - Direct Plan -  Growth
Only International,148381,Motilal Oswal S&P 500 Index Fund - Direct Plan Growth
Only International,149219,ICICI Prudential NASDAQ 100 Index Fund - Direct Plan - Growth
