scheme_code,scheme_name,amc_name,fund_category,plan,option,min_nav_date
118989,HDFC Mid Cap Fund - Growth Option - Direct Plan,HDFC,Mid Cap,Direct,Growth,2013-01-01
118955,HDFC Flexi Cap Fund - Growth Option - Direct Plan,HDFC,Flexi Cap,Direct,Growth,2013-01-01
119132,HDFC Gold ETF Fund of Fund - Direct Plan,HDFC,Commodities,Direct,N/A,2013-01-01
118778,Nippon India Small Cap Fund - Direct Plan Growth Plan - Growth Option,Nippon India,Small Cap,Direct,Growth,2013-01-02
119716,SBI MIDCAP FUND - DIRECT PLAN - GROWTH,SBI,Mid Cap,Direct,Growth,2013-01-02
120164,Kotak-Small Cap Fund - Growth - Direct,Kotak,Small Cap,Direct,Growth,2013-01-02
120381,ICICI Prudential Mid Cap Fund - Direct Plan -  Growth,ICICI Prudential,Mid Cap,Direct,Growth,2013-01-02
120403,Invesco India Mid Cap Fund - Direct Plan - Growth Option,Invesco,Mid Cap,Direct,Growth,2013-01-02
120505,Axis Midcap Fund - Direct Plan - Growth,Axis,Mid Cap,Direct,Growth,2013-01-02
118632,Nippon India Large Cap Fund - Direct Plan Growth Plan - Growth Option,Nippon India,Large Cap,Direct,Growth,2013-01-02
118650,Nippon India Multi Cap Fund - Direct Plan Growth Plan - Growth Option,Nippon India,Multi Cap,Direct,Growth,2013-01-02
118825,Mirae Asset Large Cap Fund - Direct Plan - Growth,Mirae Asset,Large Cap,Direct,Growth,2013-01-02
118834,Mirae Asset Large & Midcap Fund - Direct Plan - Growth,Mirae Asset,Large & Mid Cap,Direct,Growth,2013-01-02
120152,Kotak Large Cap  Fund - Growth - Direct,Kotak,Large Cap,Direct,Growth,2013-01-02
120158,Kotak Large & Mid Cap Fund - Direct- Growth,Kotak,Large & Mid Cap,Direct,Growth,2013-01-02
120323,ICICI Prudential Value Fund (erstwhile Value Discovery Fund) - Direct Plan - Growth,ICICI Prudential,Value,Direct,Growth,2013-01-02
120357,Invesco India Large & Mid Cap Fund - Direct Plan - Growth,Invesco,Large & Mid Cap,Direct,Growth,2013-01-02
120465,Axis Large Cap Fund - Direct Plan - Growth,Axis,Large Cap,Direct,Growth,2013-01-02
119247,DSP India T.I.G.E.R. Fund - Direct Plan - Growth,DSP,Thematic,Direct,Growth,2013-01-02
119517,Aditya Birla Sun Life International Equity Fund - Growth - Direct Plan,Aditya Birla Sun Life,International,Direct,Growth,2013-01-02
118663,Nippon India Gold Savings Fund - Direct Plan Growth Plan - Growth Option,Nippon India,Commodities,Direct,Growth,2013-01-02
119788,SBI GOLD FUND- DIRECT PLAN - GROWTH,SBI,Commodities,Direct,Growth,2013-01-02
120473,Axis Gold Fund - Direct Plan - Growth option,Axis,Commodities,Direct,Growth,2013-01-02
120685,ICICI Prudential Gold ETF FOF - Direct Plan - Growth,ICICI Prudential,Commodities,Direct,Growth,2013-01-02
119277,DSP World Gold Mining Overseas Equity Omni FoF - Direct Plan - Growth,DSP,International,Direct,Growth,2013-01-03
120043,HSBC Global Emerging Market Fund - Growth Direct,HSBC,International,Direct,Growth,2013-01-03
120186,ICICI Prudential US Bluechip Equity Fund - Direct Plan -  Growth,ICICI Prudential,International,Direct,Growth,2013-01-03
119279,DSP World Mining Overseas Equity Omni FoF - Direct Plan - Growth,DSP,International,Direct,Growth,2013-01-04
120828,quant Small Cap Fund - Growth Option - Direct Plan,Quant,Small Cap,Direct,Growth,2013-01-07
120841,quant Mid Cap Fund - Growth Option - Direct Plan,Quant,Mid Cap,Direct,Growth,2013-01-07
118617,Edelweiss Large Cap Fund - Direct Plan-Growth option,Edelweiss,Large Cap,Direct,Growth,2013-01-08
122639,Parag Parikh Flexi Cap Fund - Direct Plan - Growth,Parag Parikh,Flexi Cap,Direct,Growth,2013-05-28
125497,SBI Small Cap Fund - Direct Plan - Growth,SBI,Small Cap,Direct,Growth,2013-11-18
125354,Axis Small Cap Fund - Direct Plan - Growth,Axis,Small Cap,Direct,Growth,2013-12-05
127042,Motilal Oswal Midcap Fund-Direct Plan-Growth Option,Motilal Oswal,Mid Cap,Direct,Growth,2014-02-25
130503,HDFC Small Cap Fund - Growth Option - Direct Plan,HDFC,Small Cap,Direct,Growth,2014-06-30
130860,Nippon India Japan Equity Fund- Direct Plan- Growth Plan- Growth Option,Nippon India,International,Direct,Growth,2014-08-27
132009,Aditya Birla Sun Life Global Excellence Equity Fund Of Fund - Retail Plan - Direct Plan - Growth Option,Aditya Birla Sun Life,International,Direct,Growth,2014-10-13
132140,Aditya Birla Sun Life Global Emerging Opportunities Fund - Direct plan - Growth Option,Aditya Birla Sun Life,International,Direct,Growth,2014-10-13
134923,Nippon India US Equity Opportunities Fund- Direct Plan- Growth Plan- Growth Option,Nippon India,International,Direct,Growth,2015-07-28
140296,Edelweiss Europe Dynamic Equity Offshore Fund - Growth Option - Direct Plan,Edelweiss,International,Direct,Growth,2016-11-28
145137,Invesco India Small Cap Fund - Direct Plan - Growth,Invesco,Small Cap,Direct,Growth,2018-11-02
145552,Motilal Oswal Nasdaq 100 Fund of Fund- Direct Plan Growth,Motilal Oswal,International,Direct,Growth,2018-12-03
145678,BANK OF INDIA Small Cap Fund Direct Plan Growth,Bank of India,Small Cap,Direct,Growth,2018-12-27
146130,CANARA ROBECO SMALL CAP FUND - DIRECT PLAN - GROWTH OPTION,Canara Robeco,Small Cap,Direct,Growth,2019-02-19
147704,Motilal Oswal Large and Midcap Fund - Direct Plan Growth,Motilal Oswal,Large & Mid Cap,Direct,Growth,2019-10-22
147919,ITI Small Cap Fund - Direct Plan - Growth Option,ITI,Small Cap,Direct,Growth,2020-02-19
147946,BANDHAN SMALL CAP FUND - DIRECT PLAN GROWTH,Bandhan,Small Cap,Direct,Growth,2020-02-26
148063,Edelweiss US Technology Equity Fund of Fund- Direct Plan- Growth,Edelweiss,International,Direct,Growth,2020-03-09
148381,Motilal Oswal S&P 500 Index Fund - Direct Plan Growth,Motilal Oswal,International,Direct,Growth,2020-04-29
148404,BANK OF INDIA Flexi Cap Fund Direct Plan -Growth,Bank of India,Flexi Cap,Direct,Growth,2020-07-01
148928,Mirae Asset NYSE FANG + ETF Fund of Fund - Direct Plan - Growth,Mirae Asset,International,Direct,Growth,2021-05-11
148990,ICICI Prudential Flexi Cap Fund - Direct Plan - Growth,ICICI Prudential,Flexi Cap,Direct,Growth,2021-07-19
149170,Mirae Asset S&P 500 Top 50 ETF Fund of Fund - Direct Plan - Growth,Mirae Asset,International,Direct,Growth,2021-09-23
149166,Axis Value Fund - Direct Plan - Growth,Axis,Value,Direct,Growth,2021-09-28
149185,Kotak Multi Cap Fund-Direct Plan-Growth,Kotak,Multi Cap,Direct,Growth,2021-10-06
149219,ICICI Prudential NASDAQ 100 Index Fund - Direct Plan - Growth,ICICI Prudential,International,Direct,Growth,2021-10-19
149329,Nippon India Taiwan Equity Fund- Direct Plan- Growth Option,Nippon India,International,Direct,Growth,2021-12-14
149775,ICICI Prudential Silver ETF FOF - Direct Plan - Growth,ICICI Prudential,Commodities,Direct,Growth,2022-02-02
149760,Nippon India Silver ETF FOF- Direct Plan-Growth Option,Nippon India,Commodities,Direct,Growth,2022-02-08
149961,Invesco India - Invesco EQQQ Nasdaq-100 ETF Fund of Fund - Direct Plan - Growth,Invesco,International,Direct,Growth,2022-04-25
150597,Mirae Asset Global X Artificial Intelligence & Technology ETF Fund of Fund - Direct Plan- Growth,Mirae Asset,International,Direct,Growth,2022-09-08
150615,Axis Silver Fund of Fund- Direct Plan-Growth Option,Axis,Commodities,Direct,Growth,2022-09-27
150642,Motilal Oswal Gold and Silver Passive Fund of Funds(Direct Plan),Motilal Oswal,Commodities,Direct,N/A,2022-10-19
150737,HDFC Silver ETF Fund of Fund - Growth Option - Direct Plan,HDFC,Commodities,Direct,Growth,2022-10-28
150714,UTI Gold ETF Fund of Fund - Direct Plan - Growth Option,UTI,Commodities,Direct,Growth,2022-10-31
151036,HSBC Midcap Fund - Direct Growth,HSBC,Mid Cap,Direct,Growth,2022-11-28
151113,HSBC Value Fund - Direct Growth,HSBC,Value,Direct,Growth,2022-11-28
150817,Canara Robeco Mid Cap Fund- Direct Plan- Growth Option,Canara Robeco,Mid Cap,Direct,Growth,2022-12-06
151731,UTI Silver ETF Fund of Fund - Direct Plan - Growth Option,UTI,Commodities,Direct,Growth,2023-04-25
152354,Motilal Oswal Large Cap Direct Plan Growth,Motilal Oswal,Large Cap,Direct,Growth,2024-02-12
152735,SBI Silver ETF Fund of Fund- Direct Plan - Growth,SBI,Commodities,Direct,Growth,2024-07-18
154078,Axis Gold and Silver Passive FOF - Direct Plan - Growth,Axis,Commodities,Direct,Growth,2026-01-01
154225,Old Bridge Flexi Cap Fund Direct Growth,Old Bridge,Flexi Cap,Direct,Growth,2026-03-04